Workbook

Sheet Products
A1: ProductID | B1: Product | C1: Price | D1: Ordered/Not Ordered
A2: 101 | B2: Product A | C2: 120 | D2: =IF(ISNA(VLOOKUP(A2,Orders!$B$1:$B$8,1,0)),"No", "Yes") -> Yes
A3: 102 | B3: Product B | C3: 150 | D3: =IF(ISNA(VLOOKUP(A3,Orders!$B$1:$B$8,1,0)),"No", "Yes") -> Yes
A4: 103 | B4: Product C | C4: 200 | D4: =IF(ISNA(VLOOKUP(A4,Orders!$B$1:$B$8,1,0)),"No", "Yes") -> Yes
A5: 104 | B5: Product D | C5: 90 | D5: =IF(ISNA(VLOOKUP(A5,Orders!$B$1:$B$8,1,0)),"No", "Yes") -> Yes
A6: 105 | B6: Product E | C6: 220 | D6: =IF(ISNA(VLOOKUP(A6,Orders!$B$1:$B$8,1,0)),"No", "Yes") -> Yes
A7: 106 | B7: Product F | C7: 130 | D7: =IF(ISNA(VLOOKUP(A7,Orders!$B$1:$B$8,1,0)),"No", "Yes") -> Yes
A8: 108 | B8: Product H | C8: 200 | D8: =IF(ISNA(VLOOKUP(A8,Orders!$B$1:$B$8,1,0)),"No", "Yes") -> No

Sheet Orders
A1: OrderID | B1: ProductID | C1: Quantity | D1: Product Name | E1: Price | F1: Total price | G1: Exesting ProductID | H1: Discounted Price
A2: 1 | B2: 101 | C2: 2 | D2: =VLOOKUP(B2,Products!$A$1:$C$7,2,0) -> Product A | E2: =VLOOKUP(B2,Products!$A$1:$C$7,3,0) -> 120 | F2: =E2*C2 -> 240 | G2: =IF(ISNA(VLOOKUP(B2,Products!$A$1:$C$7,1,0)),"Not Exist"," Exist") -> Exist | H2: =E2*0.9 -> 108 | K2: Product Name | L2: Summarze Quantity
A3: 2 | B3: 103 | C3: 1 | D3: =VLOOKUP(B3,Products!$A$1:$C$7,2,0) -> Product C | E3: =VLOOKUP(B3,Products!$A$1:$C$7,3,0) -> 200 | F3: =E3*C3 -> 200 | G3: =IF(ISNA(VLOOKUP(B3,Products!$A$1:$C$7,1,0)),"Not Exist"," Exist") -> Exist | H3: =E3*0.9 -> 180 | K3: Product D | L3: =SUMIF(D2:D8,K3,C2:C8) -> 6
A4: 3 | B4: 105 | C4: 4 | D4: =VLOOKUP(B4,Products!$A$1:$C$7,2,0) -> Product E | E4: =VLOOKUP(B4,Products!$A$1:$C$7,3,0) -> 220 | F4: =E4*C4 -> 880 | G4: =IF(ISNA(VLOOKUP(B4,Products!$A$1:$C$7,1,0)),"Not Exist"," Exist") -> Exist | H4: =E4*0.9 -> 198
A5: 4 | B5: 106 | C5: 3 | D5: =VLOOKUP(B5,Products!$A$1:$C$7,2,0) -> Product F | E5: =VLOOKUP(B5,Products!$A$1:$C$7,3,0) -> 130 | F5: =E5*C5 -> 390 | G5: =IF(ISNA(VLOOKUP(B5,Products!$A$1:$C$7,1,0)),"Not Exist"," Exist") -> Exist | H5: =E5*0.9 -> 117
A6: 5 | B6: 102 | C6: 5 | D6: =VLOOKUP(B6,Products!$A$1:$C$7,2,0) -> Product B | E6: =VLOOKUP(B6,Products!$A$1:$C$7,3,0) -> 150 | F6: =E6*C6 -> 750 | G6: =IF(ISNA(VLOOKUP(B6,Products!$A$1:$C$7,1,0)),"Not Exist"," Exist") -> Exist | H6: =E6*0.9 -> 135
A7: 6 | B7: 104 | C7: 6 | D7: =VLOOKUP(B7,Products!$A$1:$C$7,2,0) -> Product D | E7: =VLOOKUP(B7,Products!$A$1:$C$7,3,0) -> 90 | F7: =E7*C7 -> 540 | G7: =IF(ISNA(VLOOKUP(B7,Products!$A$1:$C$7,1,0)),"Not Exist"," Exist") -> Exist | H7: =E7*0.9 -> 81
A8: 7 | B8: 107 | C8: 3 | D8: Product G | E8: 110 | F8: =E8*C8 -> 330 | G8: =IF(ISNA(VLOOKUP(B8,Products!$A$1:$C$7,1,0)),"Not Exist"," Exist") -> Not Exist | H8: =E8*0.9 -> 99
E9: Maximum Value | F9: =MAX(F2:F7) -> 880
A13: 1. Use VLOOKUP to find the product names for each ProductID in the Orders worksheet.
A14: 2. Use VLOOKUP to find the price for each ProductID in the Orders worksheet, then calculate the TotalPrice by multiplying the Quantity by the Product Price.
A15: 3. Use VLOOKUP to check if there are any ProductIDs in the Orders worksheet that do not exist in the Products worksheet.
A16: 4. Assume a discount of 10% is given on all products. Use VLOOKUP to find the original price and then calculate the discounted price.
A17: 5. Use VLOOKUP to find the price for each ProductID and then calculate the order value. Find the maximum order value from the list.
A18: 6. Use VLOOKUP to find out which products from the Products worksheet have not been ordered.
A19: 7. Use VLOOKUP to find the Product name and summarize the total quantity sold for each product.
